{
  "generated_at": "2026-02-13T13:30:07.815063+00:00",
  "counters": {
    "msec": 2995.66,
    "context-switches": 680.0,
    "cpu-migrations": 76.0,
    "page-faults": 59306.0,
    "cpu_atom/instructions/": 3435853787.0,
    "cpu_core/instructions/": 13034847647.0,
    "cpu_atom/cycles/": 8647506414.0,
    "cpu_core/cycles/": 11863048630.0,
    "cpu_atom/branches/": 545241671.0,
    "cpu_core/branches/": 2682285700.0,
    "cpu_atom/branch-misses/": 3310967.0,
    "cpu_core/branch-misses/": 58786756.0,
    "cpu_atom/L1-dcache-loads/": 4644527842.0,
    "cpu_core/L1-dcache-loads/": 3348892460.0,
    "cpu_core/L1-dcache-load-misses/": 107007139.0,
    "cpu_atom/LLC-loads/": 3011546122.0,
    "cpu_core/LLC-loads/": 27962348.0,
    "cpu_atom/LLC-load-misses/": 5211329035.0,
    "cpu_core/LLC-load-misses/": 14747580.0,
    "cpu_atom/L1-icache-loads/": 6199675183.0,
    "cpu_atom/L1-icache-load-misses/": 144292067.0,
    "cpu_core/L1-icache-load-misses/": 261517068.0,
    "cpu_atom/dTLB-loads/": 4662749727.0,
    "cpu_core/dTLB-loads/": 3387485571.0,
    "cpu_atom/dTLB-load-misses/": 1013358890.0,
    "cpu_core/dTLB-load-misses/": 5353179.0,
    "cpu_atom/iTLB-load-misses/": 929549543.0,
    "cpu_core/iTLB-load-misses/": 573663.0,
    "seconds": 0.159121,
    "instructions": 16470701434.0,
    "cycles": 20510555044.0,
    "branches": 3227527371.0,
    "branch-misses": 62097723.0
  },
  "derived": {
    "ipc": 0.8030353834241172,
    "branch_miss_rate": 0.019240029862476415
  },
  "elapsed_seconds": 1.672599197,
  "notes": {
    "msec": "task-clock                       #    1.791 CPUs utilized",
    "context-switches": "226.995 /sec",
    "cpu-migrations": "25.370 /sec",
    "page-faults": "19.797 K/sec",
    "cpu_atom/instructions/": "0.40  insn per cycle              (12.60%)",
    "cpu_core/instructions/": "1.10  insn per cycle              (26.64%)",
    "cpu_atom/cycles/": "2.887 GHz                         (12.88%)",
    "cpu_core/cycles/": "3.960 GHz                         (31.89%)",
    "cpu_atom/branches/": "182.011 M/sec                       (11.74%)",
    "cpu_core/branches/": "895.391 M/sec                       (37.15%)",
    "cpu_atom/branch-misses/": "0.61% of all branches             (11.16%)",
    "cpu_core/branch-misses/": "2.19% of all branches             (42.55%)",
    "cpu_atom/L1-dcache-loads/": "1.550 G/sec                       (8.26%)",
    "cpu_core/L1-dcache-loads/": "1.118 G/sec                       (53.33%)",
    "cpu_core/L1-dcache-load-misses/": "3.20% of all L1-dcache accesses   (53.40%)",
    "cpu_atom/LLC-loads/": "1.005 G/sec                       (8.11%)",
    "cpu_core/LLC-loads/": "9.334 M/sec                       (53.48%)",
    "cpu_atom/LLC-load-misses/": "173.04% of all LL-cache accesses    (8.08%)",
    "cpu_core/LLC-load-misses/": "52.74% of all LL-cache accesses    (53.37%)",
    "cpu_atom/L1-icache-loads/": "2.070 G/sec                       (9.46%)",
    "cpu_atom/L1-icache-load-misses/": "2.33% of all L1-icache accesses   (10.07%)",
    "cpu_core/L1-icache-load-misses/": "(21.27%)",
    "cpu_atom/dTLB-loads/": "1.557 G/sec                       (10.45%)",
    "cpu_core/dTLB-loads/": "1.131 G/sec                       (21.21%)",
    "cpu_atom/dTLB-load-misses/": "21.73% of all dTLB cache accesses  (10.71%)",
    "cpu_core/dTLB-load-misses/": "0.16% of all dTLB cache accesses  (21.13%)",
    "cpu_atom/iTLB-load-misses/": "(10.96%)",
    "cpu_core/iTLB-load-misses/": "(21.23%)",
    "seconds": "sys"
  },
  "rows": [
    {
      "metric": "msec",
      "value": 2995.66,
      "note": "task-clock                       #    1.791 CPUs utilized"
    },
    {
      "metric": "context-switches",
      "value": 680.0,
      "note": "226.995 /sec"
    },
    {
      "metric": "cpu-migrations",
      "value": 76.0,
      "note": "25.370 /sec"
    },
    {
      "metric": "page-faults",
      "value": 59306.0,
      "note": "19.797 K/sec"
    },
    {
      "metric": "cpu_atom/instructions/",
      "value": 3435853787.0,
      "note": "0.40  insn per cycle              (12.60%)"
    },
    {
      "metric": "cpu_core/instructions/",
      "value": 13034847647.0,
      "note": "1.10  insn per cycle              (26.64%)"
    },
    {
      "metric": "cpu_atom/cycles/",
      "value": 8647506414.0,
      "note": "2.887 GHz                         (12.88%)"
    },
    {
      "metric": "cpu_core/cycles/",
      "value": 11863048630.0,
      "note": "3.960 GHz                         (31.89%)"
    },
    {
      "metric": "cpu_atom/branches/",
      "value": 545241671.0,
      "note": "182.011 M/sec                       (11.74%)"
    },
    {
      "metric": "cpu_core/branches/",
      "value": 2682285700.0,
      "note": "895.391 M/sec                       (37.15%)"
    },
    {
      "metric": "cpu_atom/branch-misses/",
      "value": 3310967.0,
      "note": "0.61% of all branches             (11.16%)"
    },
    {
      "metric": "cpu_core/branch-misses/",
      "value": 58786756.0,
      "note": "2.19% of all branches             (42.55%)"
    },
    {
      "metric": "cpu_atom/L1-dcache-loads/",
      "value": 4644527842.0,
      "note": "1.550 G/sec                       (8.26%)"
    },
    {
      "metric": "cpu_core/L1-dcache-loads/",
      "value": 3348892460.0,
      "note": "1.118 G/sec                       (53.33%)"
    },
    {
      "metric": "cpu_core/L1-dcache-load-misses/",
      "value": 107007139.0,
      "note": "3.20% of all L1-dcache accesses   (53.40%)"
    },
    {
      "metric": "cpu_atom/LLC-loads/",
      "value": 3011546122.0,
      "note": "1.005 G/sec                       (8.11%)"
    },
    {
      "metric": "cpu_core/LLC-loads/",
      "value": 27962348.0,
      "note": "9.334 M/sec                       (53.48%)"
    },
    {
      "metric": "cpu_atom/LLC-load-misses/",
      "value": 5211329035.0,
      "note": "173.04% of all LL-cache accesses    (8.08%)"
    },
    {
      "metric": "cpu_core/LLC-load-misses/",
      "value": 14747580.0,
      "note": "52.74% of all LL-cache accesses    (53.37%)"
    },
    {
      "metric": "cpu_atom/L1-icache-loads/",
      "value": 6199675183.0,
      "note": "2.070 G/sec                       (9.46%)"
    },
    {
      "metric": "cpu_atom/L1-icache-load-misses/",
      "value": 144292067.0,
      "note": "2.33% of all L1-icache accesses   (10.07%)"
    },
    {
      "metric": "cpu_core/L1-icache-load-misses/",
      "value": 261517068.0,
      "note": "(21.27%)"
    },
    {
      "metric": "cpu_atom/dTLB-loads/",
      "value": 4662749727.0,
      "note": "1.557 G/sec                       (10.45%)"
    },
    {
      "metric": "cpu_core/dTLB-loads/",
      "value": 3387485571.0,
      "note": "1.131 G/sec                       (21.21%)"
    },
    {
      "metric": "cpu_atom/dTLB-load-misses/",
      "value": 1013358890.0,
      "note": "21.73% of all dTLB cache accesses  (10.71%)"
    },
    {
      "metric": "cpu_core/dTLB-load-misses/",
      "value": 5353179.0,
      "note": "0.16% of all dTLB cache accesses  (21.13%)"
    },
    {
      "metric": "cpu_atom/iTLB-load-misses/",
      "value": 929549543.0,
      "note": "(10.96%)"
    },
    {
      "metric": "cpu_core/iTLB-load-misses/",
      "value": 573663.0,
      "note": "(21.23%)"
    },
    {
      "metric": "seconds",
      "value": 2.851092,
      "note": "user"
    },
    {
      "metric": "seconds",
      "value": 0.159121,
      "note": "sys"
    }
  ],
  "source": "/tmp/v7_exp1/profile_train_latest/perf_train.stat.txt"
}