{
  "epochs": 1,
  "seq_len": 8,
  "total_tokens": 64,
  "grad_accum": 4,
  "optimizer": "adamw",
  "lr": 0.001,
  "steps": 2,
  "micro_steps": 8,
  "tokens_per_update": 32,
  "max_loss_abs_diff": 4.76837158203125e-07,
  "mean_loss_abs_diff": 1.7881393432617188e-07,
  "final_ck_loss": 5.486603260040283,
  "final_torch_loss": 5.486602783203125,
  "final_param_max_abs_diff": 3.337860107421875e-06,
  "final_param_mean_abs_diff": 9.862706065177917e-07,
  "pass_parity": true,
  "loss_curve": [
    {
      "step": 1,
      "micro_steps": 4,
      "tokens": 32,
      "loss_ck": 5.541853904724121,
      "loss_pt": 5.541853666305542,
      "lr": 0.001,
      "grad_norm": 0.9820770803075864,
      "forward_ms": 2.298682928085327,
      "backward_ms": 1.8193010473623872,
      "optimizer_ms": 0.9240859653800726,
      "step_ms": 5.042069940827787,
      "torch_forward_ms": 1.668549026362598,
      "torch_backward_ms": 1.9935120362788439,
      "torch_optimizer_ms": 1.2172800488770008,
      "torch_step_ms": 4.879341111518443
    },
    {
      "step": 2,
      "micro_steps": 4,
      "tokens": 32,
      "loss_ck": 5.463789582252502,
      "loss_pt": 5.463789463043213,
      "lr": 0.001,
      "grad_norm": 0.9968958425547793,
      "forward_ms": 6.648398004472256,
      "backward_ms": 2.3116988595575094,
      "optimizer_ms": 1.2765710707753897,
      "step_ms": 10.236667934805155,
      "torch_forward_ms": 1.2456359108909965,
      "torch_backward_ms": 5.9989349683746696,
      "torch_optimizer_ms": 0.9283870458602905,
      "torch_step_ms": 8.172957925125957
    }
  ],
  "parity_steps": [
    {
      "step": 1,
      "loss_diff": 4.76837158203125e-07,
      "max_param_diff": 3.330409526824951e-06,
      "worst_param": "fc2.weight",
      "mean_param_diff": 9.416941300817901e-11
    },
    {
      "step": 2,
      "loss_diff": 4.76837158203125e-07,
      "max_param_diff": 3.337860107421875e-06,
      "worst_param": "fc2.weight",
      "mean_param_diff": 1.778455160916792e-10
    }
  ],
  "grad_norm_series": {
    "steps": [
      1,
      2
    ],
    "global": [
      0.9820770803075864,
      0.9968958425547793
    ],
    "params": {
      "rms_gamma": [
        0.05372585356235504,
        0.05646573007106781
      ],
      "embedding.weight": [
        0.04819617047905922,
        0.04848570376634598
      ],
      "fc1.weight": [
        0.6498993635177612,
        0.6539416313171387
      ],
      "fc1.bias": [
        0.07869939506053925,
        0.07936687022447586
      ],
      "fc2.weight": [
        0.6102010011672974,
        0.6294219493865967
      ],
      "fc2.bias": [
        0.39794012904167175,
        0.3976800739765167
      ]
    }
  },
  "step_profile": {
    "steps": 2,
    "micro_steps": 8,
    "tokens_per_update": 32,
    "processed_tokens": 64,
    "ck_total_ms": 15.278737875632942,
    "torch_total_ms": 13.0522990366444,
    "ck_avg_step_ms": 7.639368937816471,
    "torch_avg_step_ms": 6.5261495183222,
    "train_tok_s": 4188.827671562414,
    "decode_tok_s": 4188.827671562414
  }
}