{
  "epochs": 3,
  "seq_len": 1,
  "total_tokens": 256,
  "grad_accum": 8,
  "optimizer": "adamw",
  "lr": 0.001,
  "steps": 96,
  "micro_steps": 768,
  "tokens_per_update": 8,
  "max_loss_abs_diff": 1.430511474609375e-06,
  "mean_loss_abs_diff": 1.3473133246103922e-07,
  "final_ck_loss": 5.036590099334717,
  "final_torch_loss": 5.036590099334717,
  "final_param_max_abs_diff": 5.04031777381897e-06,
  "final_param_mean_abs_diff": 1.1355926593144734e-06,
  "pass_parity": true
}