{
  "epochs": 3,
  "seq_len": 16,
  "total_tokens": 1024,
  "grad_accum": 8,
  "optimizer": "adamw",
  "lr": 0.001,
  "steps": 24,
  "micro_steps": 192,
  "tokens_per_update": 128,
  "max_loss_abs_diff": 9.5367431640625e-07,
  "mean_loss_abs_diff": 2.1855036417643228e-07,
  "final_ck_loss": 5.4627251625061035,
  "final_torch_loss": 5.4627251625061035,
  "final_param_max_abs_diff": 3.5762786865234375e-06,
  "final_param_mean_abs_diff": 8.683030803998312e-07,
  "pass_parity": true
}