{
  "steps": [
    {
      "step": 1,
      "micro_steps": 4,
      "tokens": 32,
      "loss_ck": 5.6382070779800415,
      "loss_pt": 5.638207197189331,
      "lr": 0.001,
      "grad_norm": 3.298490884655847,
      "forward_ms": 2.3240100126713514,
      "backward_ms": 2.669663866981864,
      "optimizer_ms": 2.1624979563057423,
      "step_ms": 7.156171835958958,
      "torch_forward_ms": 1.9182610558345914,
      "torch_backward_ms": 2.417844021692872,
      "torch_optimizer_ms": 1.515496987849474,
      "torch_step_ms": 5.851602065376937
    },
    {
      "step": 2,
      "micro_steps": 4,
      "tokens": 32,
      "loss_ck": 5.131951928138733,
      "loss_pt": 5.1319520473480225,
      "lr": 0.001,
      "grad_norm": 3.287681494102339,
      "forward_ms": 1.7570910276845098,
      "backward_ms": 2.2509389091283083,
      "optimizer_ms": 1.262845005840063,
      "step_ms": 5.270874942652881,
      "torch_forward_ms": 1.173576107248664,
      "torch_backward_ms": 2.2431048564612865,
      "torch_optimizer_ms": 1.052162959240377,
      "torch_step_ms": 4.468843922950327
    }
  ],
  "source": "train_e2e_detailed"
}