{
  "epochs": 1,
  "seq_len": 16,
  "total_tokens": 1024,
  "grad_accum": 8,
  "optimizer": "adamw",
  "lr": 0.001,
  "steps": 8,
  "micro_steps": 64,
  "tokens_per_update": 128,
  "max_loss_abs_diff": 9.5367431640625e-07,
  "mean_loss_abs_diff": 1.9371509552001953e-07,
  "final_ck_loss": 4.787881374359131,
  "final_torch_loss": 4.787881374359131,
  "final_param_max_abs_diff": 1.6689300537109375e-06,
  "final_param_mean_abs_diff": 4.0046870708465576e-07,
  "pass_parity": true,
  "loss_curve": [
    {
      "step": 1,
      "micro_steps": 8,
      "tokens": 128,
      "loss_ck": 5.544418096542358,
      "loss_pt": 5.544418215751648,
      "lr": 0.001,
      "grad_norm": 1.2561858161344779,
      "forward_ms": 6.0265607899054885,
      "backward_ms": 4.771034931764007,
      "optimizer_ms": 1.4490659814327955,
      "step_ms": 12.24666170310229,
      "torch_forward_ms": 3.0462100403383374,
      "torch_backward_ms": 4.393717157654464,
      "torch_optimizer_ms": 1.1772488942369819,
      "torch_step_ms": 8.617176092229784
    },
    {
      "step": 2,
      "micro_steps": 8,
      "tokens": 128,
      "loss_ck": 5.446458160877228,
      "loss_pt": 5.446458458900452,
      "lr": 0.001,
      "grad_norm": 1.2627322867527335,
      "forward_ms": 3.356594010256231,
      "backward_ms": 3.9500388083979487,
      "optimizer_ms": 1.0146070271730423,
      "step_ms": 8.321239845827222,
      "torch_forward_ms": 2.2167469142004848,
      "torch_backward_ms": 4.288363852538168,
      "torch_optimizer_ms": 0.8726899977773428,
      "torch_step_ms": 7.377800764515996
    },
    {
      "step": 3,
      "micro_steps": 8,
      "tokens": 128,
      "loss_ck": 5.34100079536438,
      "loss_pt": 5.341000914573669,
      "lr": 0.001,
      "grad_norm": 1.298752235045474,
      "forward_ms": 3.413155791349709,
      "backward_ms": 4.003144800662994,
      "optimizer_ms": 1.0055730817839503,
      "step_ms": 8.421873673796654,
      "torch_forward_ms": 2.21328588668257,
      "torch_backward_ms": 4.210319137200713,
      "torch_optimizer_ms": 0.8881540270522237,
      "torch_step_ms": 7.311759050935507
    },
    {
      "step": 4,
      "micro_steps": 8,
      "tokens": 128,
      "loss_ck": 5.23712694644928,
      "loss_pt": 5.23712694644928,
      "lr": 0.001,
      "grad_norm": 1.3582852698327734,
      "forward_ms": 3.452169941738248,
      "backward_ms": 3.961171139962971,
      "optimizer_ms": 1.0535899782553315,
      "step_ms": 8.46693105995655,
      "torch_forward_ms": 2.21439718734473,
      "torch_backward_ms": 4.7753669787198305,
      "torch_optimizer_ms": 0.8975419914349914,
      "torch_step_ms": 7.887306157499552
    },
    {
      "step": 5,
      "micro_steps": 8,
      "tokens": 128,
      "loss_ck": 5.134596943855286,
      "loss_pt": 5.134597301483154,
      "lr": 0.001,
      "grad_norm": 1.422083246326558,
      "forward_ms": 4.910868126899004,
      "backward_ms": 3.9060459239408374,
      "optimizer_ms": 0.9678980568423867,
      "step_ms": 9.784812107682228,
      "torch_forward_ms": 2.2580992663279176,
      "torch_backward_ms": 4.347797017544508,
      "torch_optimizer_ms": 0.9112409316003323,
      "torch_step_ms": 7.517137215472758
    },
    {
      "step": 6,
      "micro_steps": 8,
      "tokens": 128,
      "loss_ck": 5.016838550567627,
      "loss_pt": 5.0168392062187195,
      "lr": 0.001,
      "grad_norm": 1.5196416512592177,
      "forward_ms": 6.24166801571846,
      "backward_ms": 4.026844282634556,
      "optimizer_ms": 0.9471740340813994,
      "step_ms": 11.215686332434416,
      "torch_forward_ms": 2.151216031052172,
      "torch_backward_ms": 7.489725947380066,
      "torch_optimizer_ms": 0.8755349554121494,
      "torch_step_ms": 10.516476933844388
    },
    {
      "step": 7,
      "micro_steps": 8,
      "tokens": 128,
      "loss_ck": 4.896908700466156,
      "loss_pt": 4.896908700466156,
      "lr": 0.001,
      "grad_norm": 1.6363153908029842,
      "forward_ms": 3.3193579874932766,
      "backward_ms": 3.9149648509919643,
      "optimizer_ms": 0.9566870285198092,
      "step_ms": 8.19100986700505,
      "torch_forward_ms": 2.1890479838475585,
      "torch_backward_ms": 4.2074937373399734,
      "torch_optimizer_ms": 0.9120109025388956,
      "torch_step_ms": 7.3085526237264276
    },
    {
      "step": 8,
      "micro_steps": 8,
      "tokens": 128,
      "loss_ck": 4.776870429515839,
      "loss_pt": 4.776870429515839,
      "lr": 0.001,
      "grad_norm": 1.746972060492661,
      "forward_ms": 3.4536028979346156,
      "backward_ms": 3.878753981553018,
      "optimizer_ms": 0.9312790352851152,
      "step_ms": 8.263635914772749,
      "torch_forward_ms": 2.176912035793066,
      "torch_backward_ms": 4.170659929513931,
      "torch_optimizer_ms": 0.8754340233281255,
      "torch_step_ms": 7.223005988635123
    }
  ],
  "parity_steps": [
    {
      "step": 1,
      "loss_diff": 4.76837158203125e-07,
      "max_param_diff": 1.6689300537109375e-06,
      "worst_param": "embedding.weight",
      "mean_param_diff": 5.378097966968198e-11
    },
    {
      "step": 2,
      "loss_diff": 4.76837158203125e-07,
      "max_param_diff": 1.6689300537109375e-06,
      "worst_param": "embedding.weight",
      "mean_param_diff": 1.4492984590219748e-10
    },
    {
      "step": 3,
      "loss_diff": 4.76837158203125e-07,
      "max_param_diff": 1.6689300537109375e-06,
      "worst_param": "embedding.weight",
      "mean_param_diff": 2.3252733072354204e-10
    },
    {
      "step": 4,
      "loss_diff": 0.0,
      "max_param_diff": 1.6689300537109375e-06,
      "worst_param": "embedding.weight",
      "mean_param_diff": 2.910682805890019e-10
    },
    {
      "step": 5,
      "loss_diff": 4.76837158203125e-07,
      "max_param_diff": 1.6689300537109375e-06,
      "worst_param": "embedding.weight",
      "mean_param_diff": 3.644689365126889e-10
    },
    {
      "step": 6,
      "loss_diff": 9.5367431640625e-07,
      "max_param_diff": 1.6689300537109375e-06,
      "worst_param": "embedding.weight",
      "mean_param_diff": 4.2256316964047375e-10
    },
    {
      "step": 7,
      "loss_diff": 0.0,
      "max_param_diff": 1.6689300537109375e-06,
      "worst_param": "embedding.weight",
      "mean_param_diff": 4.784732610119136e-10
    },
    {
      "step": 8,
      "loss_diff": 0.0,
      "max_param_diff": 1.6689300537109375e-06,
      "worst_param": "embedding.weight",
      "mean_param_diff": 5.461088618356295e-10
    }
  ],
  "grad_norm_series": {
    "steps": [
      1,
      2,
      3,
      4,
      5,
      6,
      7,
      8
    ],
    "global": [
      1.2561858161344779,
      1.2627322867527335,
      1.298752235045474,
      1.3582852698327734,
      1.422083246326558,
      1.5196416512592177,
      1.6363153908029842,
      1.746972060492661
    ],
    "params": {
      "rms_gamma": [
        0.06772798299789429,
        0.0750536248087883,
        0.09145263582468033,
        0.11350803077220917,
        0.1376219242811203,
        0.1668284386396408,
        0.1978171318769455,
        0.2292102575302124
      ],
      "embedding.weight": [
        0.06246577203273773,
        0.062211208045482635,
        0.06285430490970612,
        0.06482386589050293,
        0.0671786293387413,
        0.07087159901857376,
        0.07564020156860352,
        0.08035728335380554
      ],
      "fc1.weight": [
        0.8796327710151672,
        0.8823200464248657,
        0.8994103074073792,
        0.930925190448761,
        0.9690136909484863,
        1.02650785446167,
        1.0933772325515747,
        1.1595872640609741
      ],
      "fc1.bias": [
        0.10726520419120789,
        0.10789801180362701,
        0.11062094569206238,
        0.11525564640760422,
        0.12066294252872467,
        0.1288333386182785,
        0.13810060918331146,
        0.1471928358078003
      ],