{
  "epochs": 5,
  "seq_len": 16,
  "total_tokens": 1024,
  "grad_accum": 8,
  "optimizer": "adamw",
  "lr": 0.001,
  "steps": 40,
  "micro_steps": 320,
  "tokens_per_update": 128,
  "max_loss_abs_diff": 9.5367431640625e-07,
  "mean_loss_abs_diff": 2.384185791015625e-07,
  "final_ck_loss": 5.3194355964660645,
  "final_torch_loss": 5.3194355964660645,
  "final_param_max_abs_diff": 3.5762786865234375e-06,
  "final_param_mean_abs_diff": 8.73891015847524e-07,
  "pass_parity": true
}