{
  "steps": [
    {
      "step": 1,
      "loss_diff": 4.76837158203125e-07,
      "max_param_diff": 2.0638108253479004e-05,
      "worst_param": "fc1.weight",
      "mean_param_diff": 1.369084105344124e-10
    },
    {
      "step": 2,
      "loss_diff": 4.76837158203125e-07,
      "max_param_diff": 2.0638108253479004e-05,
      "worst_param": "fc1.weight",
      "mean_param_diff": 5.380134671106873e-10
    }
  ],
  "source": "train_e2e_detailed"
}