{
  "steps": [
    1,
    2
  ],
  "global": [
    3.298490884655847,
    3.287681494102339
  ],
  "params": {
    "rms_gamma": [
      0.12441755086183548,
      0.14391851425170898
    ],
    "embedding.weight": [
      1.8596131801605225,
      1.809980034828186
    ],
    "fc1.weight": [
      2.26971435546875,
      2.244408369064331
    ],
    "fc1.bias": [
      0.19990547001361847,
      0.1997639387845993
    ],
    "fc2.weight": [
      1.4141185283660889,
      1.4904165267944336
    ],
    "fc2.bias": [
      0.4637652337551117,
      0.462022989988327
    ]
  },
  "source": "train_e2e_detailed"
}