{
  "epochs": 3,
  "seq_len": 16,
  "total_tokens": 1024,
  "grad_accum": 8,
  "optimizer": "sgd",
  "lr": 0.05,
  "steps": 24,
  "micro_steps": 192,
  "tokens_per_update": 128,
  "max_loss_abs_diff": 9.5367431640625e-07,
  "mean_loss_abs_diff": 2.2351741790771484e-07,
  "final_ck_loss": 5.55842924118042,
  "final_torch_loss": 5.558428764343262,
  "final_param_max_abs_diff": 5.960464477539063e-08,
  "final_param_mean_abs_diff": 2.60770320892334e-08,
  "pass_parity": true
}