{
  "steps": 2,
  "micro_steps": 8,
  "tokens_per_update": 32,
  "processed_tokens": 64,
  "ck_total_ms": 12.427046778611839,
  "torch_total_ms": 10.320445988327265,
  "ck_avg_step_ms": 6.213523389305919,
  "torch_avg_step_ms": 5.160222994163632,
  "train_tok_s": 5150.05706023013,
  "decode_tok_s": 5150.05706023013,
  "external_profiles": {
    "mode": "none",
    "train_mode": "pretrain",
    "backend": "both",
    "artifacts": []
  }
}