{
  "generated_at": "2026-02-13T13:52:54.624497+00:00",
  "epochs": [
    1,
    3,
    5,
    10
  ],
  "runs": [
    {
      "epoch": 1,
      "pass_parity": true,
      "final_ck_loss": 4.787881374359131,
      "final_torch_loss": 4.787881374359131,
      "max_loss_abs_diff": 9.5367431640625e-07,
      "final_param_max_abs_diff": 1.6689300537109375e-06,
      "steps": 8,
      "micro_steps": 64,
      "train_tok_s": 13669.399342063149,
      "json_out": "/home/antshiv/Workspace/C-Kernel-Engine/version/v7/reports/train_e1.json"
    },
    {
      "epoch": 3,
      "pass_parity": true,
      "final_ck_loss": 0.9690553545951843,
      "final_torch_loss": 0.9690551161766052,
      "max_loss_abs_diff": 9.5367431640625e-07,
      "final_param_max_abs_diff": 1.6689300537109375e-06,
      "steps": 24,
      "micro_steps": 192,
      "train_tok_s": 14992.418983877618,
      "json_out": "/home/antshiv/Workspace/C-Kernel-Engine/version/v7/reports/train_e3.json"
    },
    {
      "epoch": 5,
      "pass_parity": true,
      "final_ck_loss": 0.26145055890083313,
      "final_torch_loss": 0.2614505887031555,
      "max_loss_abs_diff": 9.5367431640625e-07,
      "final_param_max_abs_diff": 1.430511474609375e-06,
      "steps": 40,
      "micro_steps": 320,
      "train_tok_s": 29925.597254129178,
      "json_out": "/home/antshiv/Workspace/C-Kernel-Engine/version/v7/reports/train_e5.json"
    },
    {
      "epoch": 10,
      "pass_parity": true,
      "final_ck_loss": 0.2599988579750061,
      "final_torch_loss": 0.25999876856803894,
      "max_loss_abs_diff": 9.5367431640625e-07,
      "final_param_max_abs_diff": 1.430511474609375e-06,
      "steps": 80,
      "micro_steps": 640,
      "train_tok_s": 32868.22256882261,
      "json_out": "/home/antshiv/Workspace/C-Kernel-Engine/version/v7/reports/train_e10.json"
    }
  ],
  "profile_run": null,
  "source": "ck_run_v7 train-suite"
}